{
  "args0": [
    {
      "type": "input_value",
      "name": "text",
      "check": "String"
    },
    {
      "type": "input_value",
      "name": "key",
      "check": "String"
    },
    {
      "type": "input_value",
      "name": "valuesep",
      "check": "String"
    },
    {
      "type": "input_value",
      "name": "objectsep",
      "check": "String"
    }
  ],
  "inputsInline": true,
  "output": "String",
  "colour": "#0952a4",
  "mcreator": {
    "toolbox_id": "stringindex",
    "toolbox_init": [
      "<value name=\"text\"><block type=\"text\"><field name=\"TEXT\">text</field></block></value>",
      "<value name=\"key\"><block type=\"text\"><field name=\"TEXT\">text</field></block></value>",
      "<value name=\"valuesep\"><block type=\"text\"><field name=\"TEXT\">text</field></block></value>",
      "<value name=\"objectsep\"><block type=\"text\"><field name=\"TEXT\">text</field></block></value>"
    ],
    "inputs": [
      "text",
      "key",
      "valuesep",
      "objectsep"
    ]
  }
}