{
  "id": "geckolib_plugin",
  "weight": 3001,
  "javaplugin": "net.nerdypuzzle.geckolib.Launcher",
  "supportedversions": [
    2025002
  ],
  "info": {
    "name": "GeckoLib Plugin",
    "version": "6.2.0",
    "description": "Adds GeckoLib 4.7 support for Forge 1.18.2, 1.20.1 and NeoForge 1.21.1 (MCreator 2025.2)",
    "author": "NerdyPuzzle (Forge 1.18.2 backport by Claude AI)",
    "pluginPageID": 91484,
    "updateJSONURL": "https://raw.githubusercontent.com/NerdyPuzzle/MCreator-Nerdys_Geckolib_Plugin/main/update.json"
  }
}