{
  "args0": [
    {
      "type": "field_checkbox",
      "name": "insight",
      "checked": false
    },
    {
      "type": "field_checkbox",
      "name": "nearby",
      "checked": false
    },
    {
      "type": "field_data_list_selector",
      "name": "entity",
      "datalist": "entity",
      "testValue": "EntityCreeper"
    },
    {
      "type": "field_ai_condition_selector",
      "name": "condition"
    }
  ],
  "inputsInline": true,
  "previousStatement": null,
  "nextStatement": null,
  "colour": 200,
  "mcreator": {
    "toolbox_id": "combattasks",
    "fields": [
      "entity",
      "insight",
      "nearby",
      "condition"
    ]
  }
}