{
  "args0": [
    {
      "type": "field_number",
      "name": "speed",
      "value": 1
    },
    {
      "type": "field_number",
      "name": "min_distance",
      "value": 10
    },
    {
      "type": "field_number",
      "name": "max_distance",
      "value": 2
    },
    {
      "type": "field_ai_condition_selector",
      "name": "condition"
    }
  ],
  "inputsInline": true,
  "previousStatement": null,
  "nextStatement": null,
  "colour": 170,
  "mcreator": {
    "toolbox_id": "parentownertasks",
    "fields": [
      "speed",
      "min_distance",
      "max_distance",
      "condition"
    ]
  }
}