{
  "args0": [
    {
      "type": "field_number",
      "name": "speed",
      "value": 1.0
    },
    {
      "type": "field_number",
      "name": "maxrange",
      "value": 10.0
    },
    {
      "type": "field_number",
      "name": "followarea",
      "value": 5.0
    },
    {
      "type": "field_ai_condition_selector",
      "name": "condition"
    }
  ],
  "inputsInline": true,
  "previousStatement": null,
  "nextStatement": null,
  "colour": 20,
  "mcreator": {
    "toolbox_id": "targettasks",
    "fields": [
      "speed",
      "maxrange",
      "followarea",
      "condition"
    ]
  }
}