{
  "args0": [
    {
      "type": "input_value",
      "name": "data",
      "check": "String"
    },
    {
      "type": "input_value",
      "name": "value",
      "check": "Number"
    },
    {
      "type": "input_value",
      "name": "itemStack",
      "check": "MCItem"
    }
  ],
  "inputsInline": true,
  "previousStatement": null,
  "nextStatement": null,
  "colour": "#606999",
  "mcreator": {
    "toolbox_id": "itemmanagement",
    "toolbox_init": [
      "<value name=\"data\"><block type=\"text\"><field name=\"TEXT\">text</field></block></value>",
      "<value name=\"value\"><block type=\"math_number\"><field name=\"NUM\">0</field></block></value>",
      "<value name=\"itemStack\"><block type=\"mcitem_all\"><field name=\"value\"></field></block></value>"
    ],
    "inputs": [
      "data",
      "value",
      "itemStack"
    ]
  }
}