{
  "args0": [
    {
      "type": "input_value",
      "name": "data",
      "check": "String"
    },
    {
      "type": "input_value",
      "name": "itemStack",
      "check": "MCItem"
    }
  ],
  "inputsInline": true,
  "output": "Number",
  "colour": "#606999",
  "mcreator": {
    "toolbox_id": "itemdata",
    "toolbox_init": [
      "<value name=\"data\"><block type=\"text\"><field name=\"TEXT\">text</field></block></value>",
      "<value name=\"itemStack\"><block type=\"mcitem_all\"><field name=\"value\"></field></block></value>"
    ],
    "inputs": [
      "data",
      "itemStack"
    ]
  }
}