{
  "args0": [
    {
      "type": "field_dropdown",
      "name": "option",
      "options": [
        [
          "Break out",
          "Break out"
        ],
        [
          "Continue with next iteration",
          "Continue with next iteration"
        ]
      ]
    }
  ],
  "inputsInline": true,
  "previousStatement": null,
  "colour": "#5ba55b",
  "mcreator": {
    "toolbox_id": "redwiresplugin_actions",
    "toolbox_init": [
    ],
    "fields": [
      "option"
    ]
  }
}