{
  "args0": [
    {
      "type": "input_value",
      "name": "block1",
      "check": "MCItemBlock"
    },
    {
      "type": "input_value",
      "name": "block2",
      "check": "MCItemBlock"
    }
  ],
  "inputsInline": true,
  "previousStatement": null,
  "nextStatement": null,
  "colour": "#a5a55b",
  "mcreator": {
    "toolbox_id": "redwiresplugin_actions",
    "toolbox_init": [
      "<value name=\"block1\"><block type=\"mcitem_allblocks\"><field name=\"value\"></field></block></value>",
      "<value name=\"block2\"><block type=\"mcitem_allblocks\"><field name=\"value\"></field></block></value>"
    ],
    "inputs": [
      "block1",
      "block2"
    ]
  }
}