{
  "args0": [
    {
      "type": "input_value",
      "name": "amount",
      "check": "Number"
    },
    {
      "type": "input_value",
      "name": "entity",
      "check": "Entity"
    },
    {
      "type": "input_value",
      "name": "text",
      "check": "String"
    },
    {
      "type": "input_value",
      "name": "damagesource",
      "check": "DamageSource"
    }
  ],
  "inputsInline": true,
  "previousStatement": null,
  "nextStatement": null,
  "colour": "#5b93a5",
  "mcreator": {
    "toolbox_id": "redwiresplugin_actions",
    "toolbox_init": [
      "<value name=\"amount\"><block type=\"math_number\"><field name=\"NUM\">1</field></block></value>",
      "<value name=\"entity\"><block type=\"entity_from_deps\"></block></value>",
      "<value name=\"text\"><block type=\"text\"><field name=\"TEXT\">death.attack.generic</field></block></value>",
      "<value name=\"damagesource\"><block type=\"damagesource_from_type\"><field name=\"damagetype\">GENERIC</field></block></value>"
    ],
    "inputs": [
      "amount",
      "entity",
      "text",
      "damagesource"
    ]
  }
}