{
  "args0": [
    {
      "type": "input_dummy",
      "name": "var"
    },
    {
      "type": "input_value",
      "name": "itemvalue",
      "check": "MCItem"
    }
  ],
  "extensions": [
    "itemstack_variables"
  ],
  "mutator": "variable_entity_input",
  "inputsInline": true,
  "previousStatement": null,
  "nextStatement": null,
  "colour": "#a55b67",
  "mcreator": {
    "toolbox_id": "redwiresplugin_actions",
    "toolbox_init": [
      "<value name=\"itemvalue\"><block type=\"itemstack_to_mcitem\"></block></value>"
    ],
    "inputs": [
      "itemvalue"
    ],
    "fields": [
      "VAR"
    ]
  }
}