{
  "args0": [
    {
      "type": "input_value",
      "name": "command",
      "check": "String"
    },
    {
      "type": "input_value",
      "name": "entity",
      "check": "Entity"
    },
    {
      "type": "input_value",
      "name": "permlevel",
      "check": "Number"
    }
  ],
  "inputsInline": true,
  "previousStatement": null,
  "nextStatement": null,
  "colour": "#5b93a5",
  "mcreator": {
    "toolbox_id": "redwiresplugin_actions",
    "toolbox_init": [
      "<value name=\"command\"><block type=\"text\"><field name=\"TEXT\">clear</field></block></value>",
      "<value name=\"entity\"><block type=\"entity_from_deps\"></block></value>",
      "<value name=\"permlevel\"><block type=\"math_number\"><field name=\"NUM\">4</field></block></value>"
    ],
    "inputs": [
      "command",
      "entity",
      "permlevel"
    ]
  }
}