{
  "args0": [
    {
      "type": "input_value",
      "name": "entity",
      "check": "Entity"
    },
    {
      "type": "field_image",
      "src": "./res/null.png",
      "width": "8",
      "height": "24"
    }
  ],
  "inputsInline": true,
  "output": "Entity",
  "colour": "#5b93a5",
  "mcreator": {
    "toolbox_id": "redwiresplugin_data",
    "toolbox_init": [
      "<value name=\"entity\"><block type=\"entity_from_deps\"></block></value>"
    ],
    "inputs": [
      "entity"
    ]
  }
}