{
  "args0": [
    {
      "type": "input_value",
      "name": "entityid",
      "check": "Number"
    },
    {
      "type": "field_image",
      "src": "./res/null.png",
      "width": "8",
      "height": "24"
    }
  ],
  "inputsInline": true,
  "output": "Entity",
  "colour": "#5b93a5",
  "mcreator": {
    "toolbox_id": "redwiresplugin_data",
    "toolbox_init": [
      "<value name=\"entityid\"><block type=\"math_number\"><field name=\"NUM\">0</field></block></value>"
    ],
    "inputs": [
      "entityid"
    ],
    "dependencies": [
      {
        "name": "world",
        "type": "world"
      }
    ]
  }
}