{
  "args0": [
    {
      "type": "input_value",
      "name": "x",
      "check": "Number"
    },
    {
      "type": "input_value",
      "name": "y",
      "check": "Number"
    },
    {
      "type": "input_value",
      "name": "z",
      "check": "Number"
    },
    {
      "type": "input_value",
      "name": "x2",
      "check": "Number"
    },
    {
      "type": "input_value",
      "name": "y2",
      "check": "Number"
    },
    {
      "type": "input_value",
      "name": "z2",
      "check": "Number"
    }
  ],
  "inputsInline": true,
  "output": "Number",
  "colour": "#5b67a5",
  "mcreator": {
    "toolbox_id": "redwiresplugin_data",
    "toolbox_init": [
      "<value name=\"x\"><block type=\"coord_x\"></block></value>",
      "<value name=\"y\"><block type=\"coord_y\"></block></value>",
      "<value name=\"z\"><block type=\"coord_z\"></block></value>",
      "<value name=\"x2\"><block type=\"math_number\"><field name=\"NUM\">0</field></block></value>",
      "<value name=\"y2\"><block type=\"math_number\"><field name=\"NUM\">0</field></block></value>",
      "<value name=\"z2\"><block type=\"math_number\"><field name=\"NUM\">0</field></block></value>"
    ],
    "inputs": [
      "x",
      "y",
      "z",
      "x2",
      "y2",
      "z2"
    ]
  }
}