{
  "args0": [
    {
      "type": "field_dropdown",
      "name": "tplist",
      "options": [
        [
          "TeleportCommand",
          "TeleportCommand"
        ],
        [
          "SpreadPlayersCommand",
          "SpreadPlayersCommand"
        ],
        [
          "ChorusFruit",
          "ChorusFruit"
        ],
        [
          "EnderPearl",
          "EnderPearl"
        ],
        [
          "EnderEntity",
          "EnderEntity"
        ]
      ]
    }
  ],
  "inputsInline": true,
  "output": "Boolean",
  "colour": "#5b80a5",
  "mcreator": {
    "toolbox_id": "redwiresplugin_global_trigger_procedures",
    "toolbox_init": [
    ],
    "fields": [
      "tplist"
    ]
  }
}