{
  "args0": [
    {
      "type": "input_value",
      "name": "item",
      "check": "MCItem"
    },
    {
      "type": "input_value",
      "name": "_placeholder",
      "check": "String"
    },
    {
      "type": "input_statement",
      "name": "foreach"
    }
  ],
  "extensions": [
    "is_custom_loop"
  ],
  "inputsInline": true,
  "previousStatement": null,
  "nextStatement": null,
  "colour": "#a55b67",
  "mcreator": {
    "toolbox_id": "redwiresplugin_actions",
    "toolbox_init": [
      "<value name=\"item\"><block type=\"itemstack_to_mcitem\"></block></value>",
      "<value name=\"_placeholder\"><block deletable=\"false\" movable=\"false\" enabled=\"false\" type=\"stringiterator\"></block></value>"
    ],
    "inputs": [
		"item"
    ],
    "statements": [
      {
        "name": "foreach",
        "disable_local_variables": false
      }
    ],
	"dependencies": [
      {
        "name": "world",
        "type": "world"
      }
    ]
  }
}