{
  "args0": [
    {
      "type": "input_value",
      "name": "txt",
      "check": "String"
    },
    {
      "type": "input_value",
      "name": "amount",
      "check": "Number"
    }
  ],
  "inputsInline": true,
  "output": "String",
  "colour": "#5ba58c",
  "mcreator": {
    "toolbox_id": "redwiresplugin_data",
    "toolbox_init": [
      "<value name=\"txt\"><block type=\"text\"><field name=\"TEXT\">text</field></block></value>",
      "<value name=\"amount\"><block type=\"math_number\"><field name=\"NUM\">5</field></block></value>"
    ],
    "inputs": [
		"txt",
		"amount"
    ]
  }
}