{
  "args0": [
    {
      "type": "input_value",
      "name": "provideditemstack",
      "check": "MCItem"
    },
    {
      "type": "input_value",
      "name": "nutrition",
      "check": "Number"
    },
    {
      "type": "input_value",
      "name": "saturation",
      "check": "Number"
    },
    {
      "type": "field_checkbox",
      "name": "canalwayseat",
      "checked": false
    },
    {
      "type": "field_checkbox",
      "name": "eatfast",
      "checked": false
    }
  ],
  "inputsInline": true,
  "previousStatement": null,
  "nextStatement": null,
  "colour": "#a55b67",
  "mcreator": {
    "toolbox_id": "redwiresplugin_actions",
    "toolbox_init": [
      "<value name=\"provideditemstack\"><block type=\"itemstack_to_mcitem\"></block></value>",
      "<value name=\"nutrition\"><block type=\"math_number\"><field name=\"NUM\">1</field></block></value>",
      "<value name=\"saturation\"><block type=\"math_number\"><field name=\"NUM\">0.2</field></block></value>"
    ],
    "inputs": [
      "provideditemstack",
      "nutrition",
      "saturation"
    ],
    "fields": [
      "canalwayseat",
      "eatfast"
    ]
  }
}