{
  "args0": [
    {
      "type": "input_statement",
      "name": "attempt"
    },
    {
      "type": "input_statement",
      "name": "failure"
    },
	{
      "type": "field_checkbox",
      "name": "printerror",
      "checked": false
    }
  ],
  "inputsInline": true,
  "previousStatement": null,
  "nextStatement": null,
  "colour": "#5ba55b",
  "mcreator": {
    "toolbox_id": "redwiresplugin_utils",
	"fields": [
		"printerror"
	],
    "statements": [
      {
        "name": "attempt",
        "disable_local_variables": false
      },
	  {
        "name": "failure",
        "disable_local_variables": false
      }
    ]
  }
}