{
  "args0": [
    {
      "type": "input_value",
      "name": "tickrate",
      "check": "Number"
    }
  ],
  "inputsInline": true,
  "previousStatement": null,
  "nextStatement": null,
  "colour": "#a5865b",
  "mcreator": {
    "toolbox_id": "redwiresplugin_actions",
    "toolbox_init": [
      "<value name=\"tickrate\"><block type=\"math_number\"><field name=\"NUM\">20</field></block></value>"
    ],
    "inputs": [
      "tickrate"
    ],
    "dependencies": [
      {
        "name": "world",
        "type": "world"
      }
    ]
  }
}