{
  "args0": [
    {
      "type": "input_statement",
      "name": "todo"
    }
  ],
  "extensions": [
    "is_custom_loop"
  ],
  "inputsInline": true,
  "previousStatement": null,
  "nextStatement": null,
  "colour": "#a5865b",
  "mcreator": {
    "toolbox_id": "redwiresplugin_actions",
    "toolbox_init": [
    ],
    "statements": [
      {
        "name": "todo",
        "disable_local_variables": false
      }
    ],
    "dependencies": [
      {
        "name": "world",
        "type": "world"
      }
    ]
  }
}