{
  "args0": [
    {
      "type": "field_dropdown",
      "name": "gamemode",
      "options": [
        [
          "SURVIVAL",
          "SURVIVAL"
        ],
        [
          "CREATIVE",
          "CREATIVE"
        ],
        [
          "ADVENTURE",
          "ADVENTURE"
        ],
        [
          "SPECTATOR",
          "SPECTATOR"
        ]
      ]
    },
    {
      "type": "field_image",
      "src": "./res/server.png",
      "width": "8",
      "height": "24"
    }
  ],
  "inputsInline": true,
  "previousStatement": null,
  "nextStatement": null,
  "colour": "#a5865b",
  "mcreator": {
    "toolbox_id": "redwiresplugin_actions",
    "toolbox_init": [
    ],
    "fields": [
      "gamemode"
    ],
    "dependencies": [
      {
        "name": "world",
        "type": "world"
      }
    ]
  }
}