{
  "args0": [
    {
      "type": "input_value",
      "name": "obj",
      "check": "erimapvar"
    },
    {
      "type": "field_dropdown",
      "name": "type",
      "options": [
        [
          "Boolean",
          "Boolean"
        ],
        [
          "Number",
          "Number"
        ],
        [
          "String",
          "String"
        ]
      ]
    }
  ],
  "inputsInline": true,
  "output": "Boolean",
  "colour": "#607c99",
  "mcreator": {
    "toolbox_id": "erimap",
    "toolbox_init": [
      "<value name=\"obj\"><block type=\"variables_get_erimapvar\"><mutation xmlns=\"http://www.w3.org/1999/xhtml\" is_player_var=\"false\" has_entity=\"false\"></mutation><field name=\"VAR\"></field></block></value>"
    ],
    "inputs": [
      "obj"
    ],
    "fields": [
      "type"
    ]
  }
}