{
  "args0": [
    {
      "type": "field_input",
      "name": "variable"
    },
    {
      "type": "field_data_list_selector",
      "name": "config",
      "datalist": "config",
      "customEntryProviders": "config"
    },
    {
      "type": "input_value",
      "name": "_placeholder",
      "check": "String"
    },
    {
      "type": "input_statement",
      "name": "foreach"
    }
  ],
  "extensions": [
    "is_custom_loop"
  ],
  "inputsInline": true,
  "previousStatement": null,
  "nextStatement": null,
  "colour": "%{BKY_TEXTS_HUE}",
  "mcreator": {
    "toolbox_id": "configdata",
    "toolbox_init": [
      "<value name=\"_placeholder\"><block deletable=\"false\" movable=\"false\" enabled=\"false\" type=\"stringlist_iterator\"></block></value>"
    ],
    "statements": [
      {
        "name": "foreach",
        "provides": [
          {
            "name": "textlistiterator",
            "type": "string"
          }
        ]
      }
    ],
    "fields": [
      "variable",
      "config"
    ]
  }
}