{
  "args0": [
    {
      "type": "field_dropdown",
      "name": "get",
      "options": [
        [
          "getX()",
          "getX()"
        ],
        [
          "getY()",
          "getY()"
        ],
        [
          "getZ()",
          "getZ()"
        ]
      ]
    }
  ],
  "inputsInline": true,
  "output": "Number",
  "colour": "#cb0909",
  "mcreator": {
    "toolbox_id": "base",
    "toolbox_init": [
    ],
    "fields": [
      "get"
    ]
  }
}