{
  "args0": [
    {
      "type": "input_value",
      "name": "chunkWidth",
      "check": "Number"
    },
    {
      "type": "input_value",
      "name": "chunkHeight",
      "check": "Number"
    },
    {
      "type": "input_value",
      "name": "numberOfPieces",
      "check": "Number"
    },
    {
      "type": "input_value",
      "name": "posx",
      "check": "Number"
    },
    {
      "type": "input_value",
      "name": "posz",
      "check": "Number"
    }
  ],
  "inputsInline": true,
  "output": "String",
  "colour": "#609986",
  "mcreator": {
    "toolbox_id": "base",
    "toolbox_init": [
      "<value name=\"chunkWidth\"><block type=\"math_number\"><field name=\"NUM\">0</field></block></value>",
      "<value name=\"chunkHeight\"><block type=\"math_number\"><field name=\"NUM\">0</field></block></value>",
      "<value name=\"numberOfPieces\"><block type=\"math_number\"><field name=\"NUM\">0</field></block></value>",
      "<value name=\"posx\"><block type=\"math_number\"><field name=\"NUM\">0</field></block></value>",
      "<value name=\"posz\"><block type=\"math_number\"><field name=\"NUM\">0</field></block></value>"
    ],
    "inputs": [
      "chunkWidth",
      "chunkHeight",
      "numberOfPieces",
      "posx",
      "posz"
    ]
  }
}