{
  "args0": [
    {
      "type": "input_value",
      "name": "HashMap",
      "check": "EriHashMapNumber"
    },
    {
      "type": "input_value",
      "name": "valueName",
      "check": "String"
    }
  ],
  "inputsInline": true,
  "output": "Number",
  "colour": "#2b9125",
  "mcreator": {
    "toolbox_id": "hashmapcategory",
    "toolbox_init": [
      "<value name=\"HashMap\"><block type=\"variables_get_erihashmapnumber\"><mutation xmlns=\"http://www.w3.org/1999/xhtml\" is_player_var=\"false\" has_entity=\"false\"></mutation><field name=\"VAR\"></field></block></value>",
      "<value name=\"valueName\"><block type=\"text\"><field name=\"TEXT\">entryname</field></block></value>"
    ],
    "inputs": [
      "HashMap",
      "valueName"
    ]
  }
}