{
  "args0": [
    {
      "type": "input_value",
      "name": "x",
      "check": "Number"
    },
    {
      "type": "input_value",
      "name": "z",
      "check": "Number"
    },
    {
      "type": "input_value",
      "name": "x1",
      "check": "Number"
    },
    {
      "type": "input_value",
      "name": "z1",
      "check": "Number"
    },
    {
      "type": "input_value",
      "name": "x2",
      "check": "Number"
    },
    {
      "type": "input_value",
      "name": "z2",
      "check": "Number"
    }
  ],
  "inputsInline": true,
  "output": "Boolean",
  "colour": "#607c99",
  "mcreator": {
    "toolbox_id": "base",
    "toolbox_init": [
      "<value name=\"x\"><block type=\"coord_x\"></block></value>",
      "<value name=\"z\"><block type=\"coord_z\"></block></value>",
      "<value name=\"x1\"><block type=\"math_number\"><field name=\"NUM\">0</field></block></value>",
      "<value name=\"z1\"><block type=\"math_number\"><field name=\"NUM\">0</field></block></value>",
      "<value name=\"x2\"><block type=\"math_number\"><field name=\"NUM\">0</field></block></value>",
      "<value name=\"z2\"><block type=\"math_number\"><field name=\"NUM\">0</field></block></value>"
    ],
    "inputs": [
      "x",
      "z",
      "x1",
      "z1",
      "x2",
      "z2"
    ],
    "dependencies": [
      {
        "name": "world",
        "type": "world"
      }
    ]
  }
}