{
  "args0": [
    {
      "type": "field_input",
      "name": "varname",
      "text": "myVarName"
    },
    {
      "type": "input_value",
      "name": "value",
      "check": "String"
    }
  ],
  "inputsInline": true,
  "previousStatement": null,
  "nextStatement": null,
  "colour": "#4d9537",
  "mcreator": {
    "toolbox_id": "base",
    "toolbox_init": [
      "<value name=\"value\"><block type=\"text\"><field name=\"TEXT\">value</field></block></value>"
    ],
    "inputs": [
      "value"
    ],
    "fields": [
      "varname"
    ]
  }
}