{
 "args0": [
    {
     "type": "field_data_list_selector",
     "name": "element",
     "datalist": "animatedentity",
	 "customEntryProviders": "animatedentity"
    },
    {
     "type": "input_value",
     "name": "entity",
     "check": "Entity"
    },
    {
     "type": "input_value",
     "name": "texture",
     "check": "String"
    }
],
   "inputsInline": true,
   "previousStatement": null,
   "nextStatement": null,
   "colour": 364,
   "mcreator": {
     "toolbox_id": "geckolib",
     "toolbox_init": [
       "<value name=\"entity\"><block type=\"entity_from_deps\"></block></value>",
       "<value name=\"texture\"><block type=\"text\"><field name=\"TEXT\">texture</field></block></value>"
],
  "inputs": [
    "entity",
    "texture"
   ],
  "fields": [
    "element"
   ]
  }
}