{
  "args0": [
    {
      "type": "field_data_list_selector",
      "name": "name",
	  "datalist": "animatedentity",
	  "customEntryProviders": "animatedentity"
    },
    {
  "type": "input_value",
  "name": "entity",
  "check": "Entity"
    }
  ],
  "inputsInline": true,
  "previousStatement": null,
  "nextStatement": null,
  "colour": "364",
  "mcreator": {
    "toolbox_id": "geckolib",
    "toolbox_init": [
      "<value name=\"entity\"><block type=\"entity_from_deps\"></block></value>"
    ],
    "fields": [
    "name"
  ],
    "inputs": [
     "entity"
    ]
  }
}
