{
  "args0": [
    {
      "type": "field_data_list_selector",
      "name": "name",
	  "datalist": "animateditem",
	  "customEntryProviders": "animateditem"
    },
    {
  "type": "input_value",
  "name": "item",
  "check": "MCItem"
    }
  ],
  "inputsInline": true,
  "previousStatement": null,
  "nextStatement": null,
  "colour": "364",
  "mcreator": {
    "toolbox_id": "geckolib",
    "toolbox_init": [
       "<value name=\"item\"><block type=\"itemstack_to_mcitem\"><field name=\"value\"></field></block></value>"
    ],
    "fields": [
    "name"
  ],
    "inputs": [
     "item"
    ]
  }
}
