{
  "args0": [
    {
      "type": "input_value",
      "name": "Name",
      "check": "String"
    },
    {
      "type": "input_value",
      "name": "Value",
      "check": "Number"
    }
  ],
  "inputsInline": true,
  "previousStatement": null,
  "nextStatement": null,
  "colour": "#7c0e0e",
  "mcreator": {
    "toolbox_id": "hashmapcategory",
    "toolbox_init": [
      "<value name=\"Name\"><block type=\"text\"><field name=\"TEXT\">ValueName</field></block></value>",
      "<value name=\"Value\"><block type=\"math_number\"><field name=\"NUM\">0</field></block></value>"
    ],
    "inputs": [
      "Name",
      "Value"
    ]
  }
}