{
  "args0": [
    {
      "type": "input_value",
      "name": "string",
      "check": "String"
    },
    {
      "type": "input_value",
      "name": "index",
      "check": "Number"
    },
    {
      "type": "input_value",
      "name": "Array",
      "check": "EriStringArray"
    }
  ],
  "inputsInline": true,
  "previousStatement": null,
  "nextStatement": null,
  "colour": "#36d306",
  "mcreator": {
    "toolbox_id": "eriarraylist",
    "toolbox_init": [
      "<value name=\"string\"><block type=\"text\"><field name=\"TEXT\">text</field></block></value>",
      "<value name=\"index\"><block type=\"math_number\"><field name=\"NUM\">0</field></block></value>",
      "<value name=\"Array\"><block type=\"variables_get_eristringarray\"><mutation xmlns=\"http://www.w3.org/1999/xhtml\" is_player_var=\"false\" has_entity=\"false\"></mutation><field name=\"VAR\"></field></block></value>"
    ],
    "inputs": [
      "string",
      "index",
      "Array"
    ]
  }
}