{
  "args0": [
    {
      "type": "input_value",
      "name": "hashmap",
      "check": "EriHashMapNumber"
    },
    {
      "type": "input_statement",
      "name": "executor"
    }
  ],
  "inputsInline": true,
  "previousStatement": null,
  "nextStatement": null,
  "colour": "#138b13",
  "mcreator": {
    "toolbox_id": "hashmapcategory",
    "toolbox_init": [
      "<value name=\"hashmap\"><block type=\"variables_get_erihashmapnumber\"><mutation xmlns=\"http://www.w3.org/1999/xhtml\" is_player_var=\"false\" has_entity=\"false\"></mutation><field name=\"VAR\"></field></block></value>"
    ],
    "inputs": [
      "hashmap"
    ],
    "statements": [
      {
        "name": "executor",
        "disable_local_variables": false
      }
    ]
  }
}