{
  "args0": [
    {
      "type": "field_input",
      "name": "varname",
      "text": "varname"
    },
    {
      "type": "input_value",
      "name": "varvalue",
      "check": "Number"
    }
  ],
  "inputsInline": true,
  "previousStatement": null,
  "nextStatement": null,
  "colour": "#606999",
  "mcreator": {
    "toolbox_id": "logicloops",
    "toolbox_init": [
      "<value name=\"varvalue\"><block type=\"math_number\"><field name=\"NUM\">0</field></block></value>"
    ],
    "inputs": [
      "varvalue"
    ],
    "fields": [
      "varname"
    ]
  }
}