{
  "args0": [
    {
      "type": "input_value",
      "name": "text",
      "check": "String"
    },
    {
      "type": "input_value",
      "name": "separator",
      "check": "String"
    }
  ],
  "inputsInline": true,
  "output": "String",
  "colour": "#609986",
  "mcreator": {
    "toolbox_id": "eriarraylist",
    "toolbox_init": [
      "<value name=\"text\"><block type=\"text\"><field name=\"TEXT\">My text</field></block></value>",
      "<value name=\"separator\"><block type=\"text\"><field name=\"TEXT\">,</field></block></value>"
    ],
    "inputs": [
      "text",
      "separator"
    ]
  }
}