{
  "args0": [
    {
      "type": "field_data_list_selector",
      "name": "procedure",
      "datalist": "procedure",
      "customEntryProviders": "procedure"
    }
  ],
  "inputsInline": true,
  "mutator": "callprocedureargmutator_mutator",
  "output": "EriObject",
  "colour": "#721962",
  "mcreator": {
    "toolbox_id": "object",
    "toolbox_init": [
      "<mutation inputs=\"1\"></mutation>"
    ],
    "fields": [
      "procedure"
    ],
    "repeating_inputs": [
      "entry"
    ]
  }
}