{
  "args0": [
    {
      "type": "input_value",
      "name": "entity",
      "check": "Entity"
    },
    {
      "type": "input_value",
      "name": "data",
      "check": "String"
    },
    {
      "type": "field_dropdown",
      "name": "type",
      "options": [
        [
          "putString",
          "putString"
        ],
        [
          "putInt",
          "putInt"
        ],
        [
          "putDouble",
          "putDouble"
        ],
        [
          "putBoolean",
          "putBoolean"
        ],
        [
          "putLong",
          "putLong"
        ]
      ]
    },
    {
      "type": "input_value",
      "name": "value",
      "check": "EriObject"
    }
  ],
  "inputsInline": true,
  "previousStatement": null,
  "nextStatement": null,
  "colour": "#721962",
  "mcreator": {
    "toolbox_id": "object",
    "toolbox_init": [
      "<value name=\"entity\"><block type=\"entity_from_deps\"></block></value>",
      "<value name=\"data\"><block type=\"text\"><field name=\"TEXT\">text</field></block></value>",
      "<value name=\"value\"><block type=\"variables_get_eriobject\"><mutation xmlns=\"http://www.w3.org/1999/xhtml\" is_player_var=\"false\" has_entity=\"false\"></mutation><field name=\"VAR\"></field></block></value>"
    ],
    "inputs": [
      "entity",
      "data",
      "value"
    ],
    "fields": [
      "type"
    ]
  }
}