{
  "args0": [
    {
      "type": "input_value",
      "name": "entity",
      "check": "Entity"
    },
    {
      "type": "input_value",
      "name": "data",
      "check": "String"
    },
    {
      "type": "field_dropdown",
      "name": "type",
      "options": [
        [
          "getString",
          "getString"
        ],
        [
          "getInt",
          "getInt"
        ],
        [
          "getDouble",
          "getDouble"
        ],
        [
          "getBoolean",
          "getBoolean"
        ],
        [
          "getLong",
          "getLong"
        ]
      ]
    }
  ],
  "inputsInline": true,
  "output": "EriObject",
  "colour": "#721962",
  "mcreator": {
    "toolbox_id": "object",
    "toolbox_init": [
      "<value name=\"entity\"><block type=\"entity_from_deps\"></block></value>",
      "<value name=\"data\"><block type=\"text\"><field name=\"TEXT\">text</field></block></value>"
    ],
    "inputs": [
      "entity",
      "data"
    ],
    "fields": [
      "type"
    ]
  }
}