{
  "args0": [
    {
      "type": "input_value",
      "name": "ObjectOne",
      "check": "EriObject"
    },
    {
      "type": "field_dropdown",
      "name": "type",
      "options": [
        [
          "==",
          "=="
        ],
        [
          "!=",
          "!="
        ],
        [
          "<=",
          "<="
        ],
        [
          ">=",
          ">="
        ],
        [
          "<<",
          "<<"
        ],
        [
          ">>",
          ">>"
        ]
      ]
    },
    {
      "type": "input_value",
      "name": "ObjectTwo",
      "check": "EriObject"
    }
  ],
  "inputsInline": true,
  "output": "EriObject",
  "colour": "#721962",
  "mcreator": {
    "toolbox_id": "object",
    "toolbox_init": [
      "<value name=\"ObjectOne\"><block type=\"variables_get_eriobject\"><mutation xmlns=\"http://www.w3.org/1999/xhtml\" is_player_var=\"false\" has_entity=\"false\"></mutation><field name=\"VAR\"></field></block></value>",
      "<value name=\"ObjectTwo\"><block type=\"variables_get_eriobject\"><mutation xmlns=\"http://www.w3.org/1999/xhtml\" is_player_var=\"false\" has_entity=\"false\"></mutation><field name=\"VAR\"></field></block></value>"
    ],
    "inputs": [
      "ObjectOne",
      "ObjectTwo"
    ],
    "fields": [
      "type"
    ]
  }
}