{
  "args0": [
    {
      "type": "input_value",
      "name": "Number",
      "check": "Number"
    },
    {
      "type": "input_value",
      "name": "object",
      "check": "EriObject"
    }
  ],
  "inputsInline": true,
  "output": "EriObject",
  "colour": "#721962",
  "mcreator": {
    "toolbox_id": "object",
    "toolbox_init": [
      "<value name=\"Number\"><block type=\"math_number\"><field name=\"NUM\">0</field></block></value>",
      "<value name=\"object\"><block type=\"variables_get_eriobject\"><mutation xmlns=\"http://www.w3.org/1999/xhtml\" is_player_var=\"false\" has_entity=\"false\"></mutation><field name=\"VAR\"></field></block></value>"
    ],
    "inputs": [
      "Number",
      "object"
    ]
  }
}