{
  "args0": [
    {
      "type": "field_dropdown",
      "name": "redGreenBlue",
      "options": [
        ["Red", "red"],
        ["Green", "green"],
        ["Blue", "blue"]
      ]
    },
    {
      "type": "field_hex_color",
      "name": "hex",
      "text": "FFFFFF"
    }
  ],
  "inputsInline": true,
  "output": "Number",
  "colour": "%{BKY_MATH_HUE}",
  "mcreator": {
    "toolbox_id": "dyeable_utils",
    "fields": [
      "redGreenBlue",
      "hex"
    ]
  }
}