{
 "args0": [
    {
     "type": "input_value",
     "name": "item",
     "check": "MCItem"
    },
    {
     "type": "input_value",
     "name": "entity",
     "check": "Entity"
    },
    {
     "type": "input_value",
     "name": "_placeholder",
     "check": "MCItem"
    },
    {
      "type": "input_statement",
      "name": "foreach"
    }
],
  "extensions": [
    "is_custom_loop"
],
   "inputsInline": true,
   "previousStatement": null,
   "nextStatement": null,
   "colour": 78,
   "mcreator": {
     "toolbox_id": "curios",
     "toolbox_init": [
       "<value name=\"item\"><block type=\"mcitem_all\"><field name=\"value\"></field></block></value>",
       "<value name=\"entity\"><block type=\"entity_from_deps\"></block></value>",
       "<value name=\"_placeholder\"><block deletable=\"false\" movable=\"false\" enabled=\"false\" type=\"itemstack_iterator\"></block></value>"
],
  "inputs": [
    "item",
    "entity"
   ],
  "statements": [
     {
	   "name": "foreach",
	   "provides": [
	    {
		  "name": "itemstackiterator",
		  "type": "itemstack"
		} 
	  ]
	 }
   ],
    "dependencies": [
      {
        "name": "world",
        "type": "world"
      }
    ]
  }
}