{
  "args0": [
    {
      "type": "input_value",
      "name": "item",
      "check": "MCItem"
    },
    {
      "type": "input_value",
      "name": "color",
      "check": "Number"
    }
  ],
  "inputsInline": true,
  "previousStatement": null,
  "nextStatement": null,
  "colour": "#aba202",
  "mcreator": {
    "toolbox_id": "dyeable_action",
    "toolbox_init": [
      "<value name=\"item\"><block type=\"itemstack_to_mcitem\"></block></value>",
      "<value name=\"color\"><block type=\"math_number\"><field name=\"NUM\">0</field></block></value>"
    ],
    "inputs": [
      "item",
      "color"
    ]
  }
}