{
  "args0": [
    {
      "type": "field_data_list_selector",
      "name": "enchant",
      "datalist": "enchantments",
      "customEntryProviders": "enchantment"
    },
    {
     "type": "input_value",
     "name": "item",
     "check": "MCItem"
    },
    {
      "type": "input_statement",
      "name": "foreach"
    }
],
  "extensions": [
    "is_custom_loop"
],
  "inputsInline": true,
  "previousStatement": null,
  "nextStatement": null,
  "colour": "666",
  "mcreator": {
    "group": "enchanting",
    "toolbox_id": "ppsecl",
     "toolbox_init": [
       "<value name=\"item\"><block type=\"mcitem_all\"><field name=\"value\"></field></block></value>"
    ],
  "fields": [
 "enchant"
    ],
  "inputs": [
    "item"
   ],
  "statements": [
     {
	   "name": "foreach",
	   "provides": [
	    {
		  "name": "itemstackiterator",
		  "type": "itemstack"
		} 
	  ]
	 }
   ],
    "dependencies": [
      {
        "name": "itemstack",
        "type": "itemstack"
      }
    ]
  }
}