{
  "args0": [
    {
      "type": "field_number",
      "name": "x",
      "value": 0,
      "precision": 1,
      "min": -15,
      "max": 15
    },
    {
      "type": "field_number",
      "name": "y",
      "value": 0,
      "precision": 1,
      "min": -15,
      "max": 15
    },
    {
      "type": "field_number",
      "name": "z",
      "value": 0,
      "precision": 1,
      "min": -15,
      "max": 15
    },
    {
      "type": "input_dummy"
    },
    {
      "type": "field_data_list_selector",
      "name": "fluid",
      "datalist": "fluid"
    }
  ],
  "inputsInline": true,
  "output": "BlockPredicate",
  "colour": "%{BKY_LOGIC_HUE}",
  "mcreator": {
    "toolbox_id": "blockpredicates",
    "fields": [
      "x",
      "y",
      "z",
      "fluid"
    ]
  }
}