{
  "args0": [
    {
      "type": "field_number",
      "name": "size",
      "value": 9,
      "min": 0,
      "max": 64,
      "precision": 1
    },
    {
      "type": "input_dummy"
    },
    {
      "type": "field_number",
      "name": "discardOnAirChance",
      "value": 0,
      "min": 0,
      "max": 1
    }
  ],
  "mutator": "ore_feature_mutator",
  "output": "Feature",
  "colour": 0,
  "mcreator": {
    "toolbox_id": "orefeatures",
    "toolbox_init": [
      "<mutation inputs=\"1\"></mutation>",
      "<value name=\"target0\"><block type=\"ore_target\"><value name=\"target\"><block type=\"rule_test_tag_match\"><field name=\"tag\">stone_ore_replaceables</field></block></value><value name=\"state\"><block type=\"blockstate_selector\"><mutation inputs=\"0\"/><field name=\"block\"></field></block></value></block></value>"
    ],
    "repeating_inputs": [
      "target"
    ],
    "fields": [
      "size",
      "discardOnAirChance"
    ]
  }
}