{
  "args0": [
    {
      "type": "input_value",
      "name": "allowed_placement",
      "check": "BlockPredicate"
    },
    {
      "type": "field_data_list_dropdown",
      "name": "direction",
      "datalist": "direction"
    },
    {
      "type": "input_dummy"
    },
    {
      "type": "field_checkbox",
      "name": "prioritize_tip"
    },
    {
      "type": "input_dummy"
    }
  ],
  "mutator": "feature_block_column_mutator",
  "output": "Feature",
  "colour": 0,
  "mcreator": {
    "group": "featureBlockColumn",
    "toolbox_id": "advancedfeatures",
    "toolbox_init": [
      "<mutation inputs=\"1\"></mutation>",
      "<value name=\"allowed_placement\"><block type=\"block_predicate_is_air\"></block></value>",
      "<value name=\"layer0\"><block type=\"block_column_layer\"><value name=\"height\"><block type=\"int_provider_constant\"><field name=\"value\">3</field></block></value><value name=\"block\"><block type=\"blockstate_selector\"><mutation inputs=\"0\"/><field name=\"block\"></field></block></value></block></value>"
    ],
    "inputs": [
      "allowed_placement"
    ],
    "repeating_inputs": [
      "layer"
    ],
    "fields": [
      "prioritize_tip",
      "direction"
    ]
  }
}