{
  "args0": [
    {
      "type": "field_number",
      "name": "tries",
      "value": 128,
      "min": 1,
      "precision": 1
    },
    {
      "type": "field_number",
      "name": "xzSpread",
      "value": 7,
      "min": 0,
      "precision": 1
    },
    {
      "type": "field_number",
      "name": "ySpread",
      "value": 3,
      "min": 0,
      "precision": 1
    },
    {
      "type": "input_value",
      "name": "feature",
      "check": [
        "Feature",
        "PlacedFeature"
      ]
    },
    {
      "type": "input_dummy"
    }
  ],
  "inputsInline": false,
  "output": "Feature",
  "colour": 0,
  "mcreator": {
    "toolbox_id": "advancedfeatures",
    "toolbox_init": [
      "<value name=\"feature\"><block type=\"feature_simple_block\"><value name=\"block\"><block type=\"blockstate_selector\"><mutation inputs=\"0\"/><field name=\"block\"></field></block></value></block></value>"
    ],
    "inputs": [
      "feature"
    ],
    "fields": [
      "tries",
      "xzSpread",
      "ySpread"
    ]
  }
}