{
  "args0": [
    {
      "type": "field_dropdown",
      "name": "type",
      "options": [
        [
          "oak",
          "oak"
        ],
        [
          "acacia",
          "acacia"
        ],
        [
          "dark oak",
          "dark oak"
        ],
        [
          "jungle bush",
          "jungle bush"
        ],
        [
          "mega jungle",
          "mega jungle"
        ],
        [
          "fancy oak",
          "fancy oak"
        ]
      ]
    },
    {
      "type": "input_value",
      "name": "dirt",
      "check": "BlockStateProvider"
    },
    {
      "type": "input_value",
      "name": "trunk",
      "check": "BlockStateProvider"
    },
    {
      "type": "input_value",
      "name": "foliage",
      "check": "BlockStateProvider"
    },
    {
      "type": "input_value",
      "name": "root_placer",
      "check": "RootPlacer"
    },
    {
      "type": "field_number",
      "name": "base_height",
      "value": 4,
      "min": 0,
      "max": 32,
      "precision": 1
    },
    {
      "type": "field_number",
      "name": "height_variation_a",
      "value": 2,
      "min": 0,
      "max": 24,
      "precision": 1
    },
    {
      "type": "field_number",
      "name": "height_variation_b",
      "value": 0,
      "min": 0,
      "max": 24,
      "precision": 1
    },
    {
      "type": "input_dummy"
    },
    {
      "type": "field_checkbox",
      "name": "force_dirt"
    },
    {
      "type": "input_dummy"
    },
    {
      "type": "field_checkbox",
      "name": "ignore_vines",
      "checked": true
    },
    {
      "type": "input_dummy"
    }
  ],
  "mutator": "tree_decorator_mutator",
  "output": "Feature",
  "colour": 0,
  "extensions": [
    "add_image_to_bsp_inputs"
  ],
  "mcreator": {
    "toolbox_id": "treefeatures",
    "toolbox_init": [
      "<mutation inputs=\"0\"></mutation>",
      "<value name=\"dirt\"><block type=\"blockstate_selector\"><mutation inputs=\"0\"/><field name=\"block\"></field></block></value>",
      "<value name=\"trunk\"><block type=\"blockstate_selector\"><mutation inputs=\"0\"/><field name=\"block\"></field></block></value>",
      "<value name=\"foliage\"><block type=\"blockstate_selector\"><mutation inputs=\"0\"/><field name=\"block\"></field></block></value>",
      "<value name=\"root_placer\"><block type=\"root_placer_none\"></block></value>",
      "~<value name=\"decorator0\"><block type=\"tree_decorator_trunk_vine\"></block></value>"
    ],
    "inputs": [
      "dirt",
      "trunk",
      "foliage",
      "root_placer"
    ],
    "fields": [
      "type",
      "base_height",
      "height_variation_a",
      "height_variation_b",
      "force_dirt",
      "ignore_vines"
    ],
    "repeating_inputs": [
      "decorator"
    ]
  }
}