{
  "args0": [
    {
      "type": "field_number",
      "name": "radius",
      "value": 1,
      "min": 0,
      "max": 64
    },
    {
      "type": "input_dummy"
    },
    {
      "type": "field_number",
      "name": "search_range",
      "value": 5,
      "min": 0,
      "max": 512
    },
    {
      "type": "input_dummy"
    },
    {
      "type": "field_number",
      "name": "probability",
      "value": 0.5,
      "min": 0,
      "max": 1
    }
  ],
  "inputsInline": false,
  "output": "Feature",
  "colour": 0,
  "mcreator": {
    "toolbox_id": "features",
    "fields": [
      "radius",
      "search_range",
      "probability"
    ]
  }
}