{
  "args0": [
    {
      "type": "input_value",
      "name": "dirt",
      "check": "BlockStateProvider"
    },
    {
      "type": "input_value",
      "name": "trunk",
      "check": "BlockStateProvider"
    },
    {
      "type": "input_value",
      "name": "foliage",
      "check": "BlockStateProvider"
    },
    {
      "type": "input_value",
      "name": "radius",
      "check": "IntProvider"
    },
    {
      "type": "input_value",
      "name": "trunk_height",
      "check": "IntProvider"
    },
    {
      "type": "input_value",
      "name": "root_placer",
      "check": "RootPlacer"
    },
    {
      "type": "field_number",
      "name": "base_height",
      "value": 5,
      "min": 0,
      "max": 32,
      "precision": 1
    },
    {
      "type": "field_number",
      "name": "height_variation_a",
      "value": 2,
      "min": 0,
      "max": 24,
      "precision": 1
    },
    {
      "type": "field_number",
      "name": "height_variation_b",
      "value": 1,
      "min": 0,
      "max": 24,
      "precision": 1
    },
    {
      "type": "input_dummy"
    },
    {
      "type": "field_checkbox",
      "name": "force_dirt"
    },
    {
      "type": "input_dummy"
    },
    {
      "type": "field_checkbox",
      "name": "ignore_vines",
      "checked": true
    },
    {
      "type": "input_dummy"
    }
  ],
  "mutator": "tree_decorator_mutator",
  "output": "Feature",
  "colour": 0,
  "extensions": [
    "add_image_to_bsp_inputs",
    "spruce_tree_feature_validator"
  ],
  "mcreator": {
    "toolbox_id": "treefeatures",
    "toolbox_init": [
      "<mutation inputs=\"0\"></mutation>",
      "<value name=\"dirt\"><block type=\"blockstate_selector\"><mutation inputs=\"0\"/><field name=\"block\"></field></block></value>",
      "<value name=\"trunk\"><block type=\"blockstate_selector\"><mutation inputs=\"0\"/><field name=\"block\"></field></block></value>",
      "<value name=\"foliage\"><block type=\"blockstate_selector\"><mutation inputs=\"0\"/><field name=\"block\"></field></block></value>",
      "<value name=\"root_placer\"><block type=\"root_placer_none\"></block></value>",
      "<value name=\"radius\"><block type=\"int_provider_uniform\"><field name=\"min\">2</field><field name=\"max\">3</field></block></value>",
      "<value name=\"trunk_height\"><block type=\"int_provider_uniform\"><field name=\"min\">1</field><field name=\"max\">2</field></block></value>",
      "~<value name=\"decorator0\"><block type=\"tree_decorator_trunk_vine\"></block></value>"
    ],
    "inputs": [
      "dirt",
      "trunk",
      "foliage",
      "root_placer",
      "radius",
      "trunk_height"
    ],
    "fields": [
      "base_height",
      "height_variation_a",
      "height_variation_b",
      "force_dirt",
      "ignore_vines"
    ],
    "repeating_inputs": [
      "decorator"
    ]
  }
}