{
  "args0": [
    {
      "type": "input_value",
      "name": "provider",
      "check": "BlockStateProvider"
    }
  ],
  "inputsInline": true,
  "output": "TreeDecorator",
  "colour": 320,
  "extensions": [
    "add_image_to_bsp_inputs"
  ],
  "mcreator": {
    "toolbox_id": "treedecorators",
    "toolbox_init": [
      "<value name=\"provider\"><block type=\"blockstate_selector\"><mutation inputs=\"0\"/><field name=\"block\"></field></block></value>"
    ],
    "inputs": [
      "provider"
    ]
  }
}