{
  "args0": [
    {
      "type": "field_dropdown",
      "name": "name",
      "options": [
        [
          "Z",
          "z"
        ],
        [
          "X",
          "x"
        ],
        [
          "EndX",
          "getMaxBlockX()"
        ],
        [
          "EndZ",
          "getMaxBlockZ()"
        ],
        [
          "RegionRelativeX",
          "getRegionLocalX()"
        ],
        [
          "RegionRelativeZ",
          "getRegionLocalZ()"
        ],
        [
          "RegionX",
          "getRegionX()"
        ],
        [
          "RegionZ",
          "getRegionZ()"
        ],
        [
          "StartX",
          "getMinBlockX()"
        ],
        [
          "StartZ",
          "getMinBlockZ()"
        ],
        [
          "InhabitedTime",
          "getInhabitedTime()"
        ]
      ]
    },
    {
      "type": "input_value",
      "name": "chunk",
      "check": "Chunk"
    }
  ],
  "inputsInline": true,
  "output": "Number",
  "colour": "#606999",
  "mcreator": {
    "toolbox_id": "chunkmanager",
    "toolbox_init": [
      "<value name=\"chunk\"><block type=\"variables_get_chunk\"><mutation xmlns=\"http://www.w3.org/1999/xhtml\" is_player_var=\"false\" has_entity=\"false\"></mutation><field name=\"VAR\"></field></block></value>"
    ],
    "inputs": [
      "chunk"
    ],
    "fields": [
      "name"
    ]
  }
}