{
  "args0": [
    {
      "type": "input_value",
      "name": "chunk",
      "check": "Chunk"
    },
    {
      "type": "field_data_list_selector",
      "name": "status",
      "datalist": "chunk_status"
    }
  ],
  "inputsInline": true,
  "output": "Boolean",
  "colour": 270,
  "mcreator": {
    "toolbox_id": "chunkmanager",
    "toolbox_init": [
      "<value name=\"chunk\"><block type=\"variables_get_chunk\"><mutation xmlns=\"http://www.w3.org/1999/xhtml\" is_player_var=\"false\" has_entity=\"false\"></mutation><field name=\"VAR\"></field></block></value>"
    ],
    "inputs": [
      "chunk"
    ],
    "fields": [
      "status"
    ]
  }
}