{
  "dependencies_provided": [
    {
      "name": "x",
      "type": "number"
    },
    {
      "name": "y",
      "type": "number"
    },
    {
      "name": "z",
      "type": "number"
    },
    {
      "name": "entity",
      "type": "entity"
    },
    {
      "name": "world",
      "type": "world"
    },
    {
      "name": "NewChunkX",
      "type": "number"
    },
    {
      "name": "NewChunkZ",
      "type": "number"
    },
    {
      "name": "OldChunkX",
      "type": "number"
    },
    {
      "name": "OldChunkZ",
      "type": "number"
    },
    {
      "name": "dimension",
      "type": "dimensiontype"
    }
  ],
  "cancelable": false,
  "side": "both"
}