{
  "dependencies_provided": [
    {
      "name": "x",
      "type": "number"
    },
    {
      "name": "y",
      "type": "number"
    },
    {
      "name": "z",
      "type": "number"
    },
    {
      "name": "world",
      "type": "world"
    },
    {
      "name": "chunk",
      "type": "chunk"
    },
    {
      "name": "NewChunk",
      "type": "logic"
    },
    {
      "name": "dimension",
      "type": "dimensiontype"
    }
  ],
  "cancelable": false,
  "side": "both"
}