{
  "args0": [
    {
      "type": "input_value",
      "name": "permissionlevel",
      "check": "Number"
    },
    {
      "type": "input_value",
      "name": "entity",
      "check": "Entity"
    }
  ],
  "inputsInline": true,
  "output": "Boolean",
  "colour": "%{BKY_LOGIC_HUE}",
  "mcreator": {
    "toolbox_id": "playerdata",
    "toolbox_init": [
      "<value name=\"permissionlevel\"><block type=\"math_number\"><field name=\"NUM\">2</field></block></value>",
      "<value name=\"entity\"><block type=\"entity_from_deps\"></block></value>"
    ],
    "inputs": [
      "permissionlevel",
      "entity"
    ]
  }
}