{
  "args0": [
    {
      "type": "field_javaname",
      "name": "textfield",
      "text": "textFieldName"
    },
    {
      "type": "input_value",
      "name": "entity",
      "check": "Entity"
    }
  ],
  "output": "String",
  "colour": "%{BKY_TEXTS_HUE}",
  "mcreator": {
    "group": "components",
    "toolbox_id": "guimanagement",
    "fields": [
      "textfield"
    ],
    "toolbox_init": [
      "<value name=\"entity\"><block type=\"entity_from_deps\"></block></value>"
    ],
    "inputs": [
      "entity"
    ]
  }
}