{
  "args0": [
    {
      "type": "input_value",
      "name": "item",
      "check": "MCItem"
    },
    {
      "type": "field_data_list_selector",
      "name": "item_type",
      "datalist": "itemtypes"
    }
  ],
  "inputsInline": true,
  "output": "Boolean",
  "colour": "%{BKY_LOGIC_HUE}",
  "mcreator": {
    "toolbox_id": "itemdata",
    "toolbox_init": [
      "<value name=\"item\"><block type=\"itemstack_to_mcitem\"></block></value>"
    ],
    "inputs": [
      "item"
    ],
    "fields": [
      "item_type"
    ]
  }
}
