{
  "args0": [
    {
      "type": "input_value",
      "name": "x",
      "check": "Number"
    },
    {
      "type": "input_value",
      "name": "y",
      "check": "Number"
    },
    {
      "type": "input_value",
      "name": "z",
      "check": "Number"
    },
    {
      "type": "field_data_list_selector",
      "name": "entity",
      "datalist": "spawnableEntity"
    },
    {
      "type": "field_image",
      "src": "./res/server.png",
      "width": 8,
      "height": 24
    },
    {
      "type": "field_image",
      "src": "./res/null.png",
      "width": 8,
      "height": 24
    }
  ],
  "inputsInline": true,
  "output": "Entity",
  "colour": 195,
  "mcreator": {
    "toolbox_id": "worlddata",
    "toolbox_init": [
      "<value name=\"x\"><block type=\"coord_x\"></block></value>",
      "<value name=\"y\"><block type=\"coord_y\"></block></value>",
      "<value name=\"z\"><block type=\"coord_z\"></block></value>"
    ],
    "fields": [
      "entity"
    ],
    "inputs": [
      "x",
      "y",
      "z"
    ],
    "dependencies": [
      {
        "name": "world",
        "type": "world"
      }
    ]
  }
}