{
  "args0": [
    {
      "type": "input_statement",
      "name": "worldstatements"
    },
    {
      "type": "field_data_list_selector",
      "name": "dimension",
      "datalist": "dimensions",
      "customEntryProviders": "dimension"
    }
  ],
  "inputsInline": true,
  "previousStatement": null,
  "nextStatement": null,
  "colour": 35,
  "mcreator": {
    "toolbox_id": "worldmanagement",
    "fields": [
      "dimension"
    ],
    "statements": [
      {
        "name": "worldstatements",
        "provides": [
          {
            "name": "_worldorig",
            "type": "world"
          }
        ]
      }
    ],
    "dependencies": [
      {
        "name": "world",
        "type": "world"
      }
    ]
  }
}