{
  "args0": [
    {
      "type": "field_data_list_selector",
      "name": "gamerulesboolean",
      "datalist": "gamerulesboolean"
    },
    {
      "type": "field_image",
      "src": "./res/server.png",
      "width": 8,
      "height": 24
    }
  ],
  "inputsInline": true,
  "output": "Boolean",
  "colour": "%{BKY_LOGIC_HUE}",
  "mcreator": {
    "toolbox_id": "worlddata",
    "fields": [
      "gamerulesboolean"
    ],
    "dependencies": [
      {
        "name": "world",
        "type": "world"
      }
    ]
  }
}