{
  "args0": [
    {
      "type": "field_data_list_selector",
      "name": "feature",
      "datalist": "configuredfeature"
    },
    {
      "type": "input_value",
      "name": "x",
      "check": "Number"
    },
    {
      "type": "input_value",
      "name": "y",
      "check": "Number"
    },
    {
      "type": "input_value",
      "name": "z",
      "check": "Number"
    },
    {
      "type": "field_image",
      "src": "./res/server.png",
      "width": 8,
      "height": 24
    }
  ],
  "inputsInline": true,
  "output": "Boolean",
  "colour": "%{BKY_LOGIC_HUE}",
  "mcreator": {
    "toolbox_id": "worldmanagement",
    "toolbox_init": [
      "<value name=\"x\"><block type=\"coord_x\"></block></value>",
      "<value name=\"y\"><block type=\"coord_y\"></block></value>",
      "<value name=\"z\"><block type=\"coord_z\"></block></value>"
    ],
    "inputs": [
      "x",
      "y",
      "z"
    ],
    "fields": [
      "feature"
    ],
    "dependencies": [
      {
        "name": "world",
        "type": "world"
      }
    ],
    "warnings": [
      "place_feature_ghost_blocks"
    ]
  }
}