{
  "args0": [
    {
      "type": "field_data_list_selector",
      "name": "gamerulesnumber",
      "datalist": "gamerulesnumber"
    },
    {
      "type": "field_image",
      "src": "./res/server.png",
      "width": 8,
      "height": 24
    }
  ],
  "inputsInline": true,
  "output": "Number",
  "colour": "%{BKY_MATH_HUE}",
  "mcreator": {
    "toolbox_id": "worlddata",
    "fields": [
      "gamerulesnumber"
    ],
    "dependencies": [
      {
        "name": "world",
        "type": "world"
      }
    ]
  }
}